<?xml version="1.0" encoding="UTF-8"?>
<project-private xmlns="http://www.netbeans.org/ns/project-private/1">
    <editor-bookmarks xmlns="http://www.netbeans.org/ns/editor-bookmarks/2" lastBookmarkId="0"/>
    <open-files xmlns="http://www.netbeans.org/ns/projectui-open-files/2">
        <group>
            <file>file:/C:/Users/brysa/Documents/NetBeansProjects/Capstone_Project/src/model/Contact.java</file>
            <file>file:/C:/Users/brysa/Documents/NetBeansProjects/Capstone_Project/src/DAO/ReportsDAO.java</file>
            <file>file:/C:/Users/brysa/Documents/NetBeansProjects/Capstone_Project/src/model/AlertInterface.java</file>
            <file>file:/C:/Users/brysa/Documents/NetBeansProjects/Capstone_Project/src/model/Division.java</file>
            <file>file:/C:/Users/brysa/Documents/NetBeansProjects/Capstone_Project/src/view_controller/Appointments_Controller.java</file>
            <file>file:/C:/Users/brysa/Documents/NetBeansProjects/Capstone_Project/src/view_controller/Reports_Controller.java</file>
            <file>file:/C:/Users/brysa/Documents/NetBeansProjects/Capstone_Project/src/model/User.java</file>
            <file>file:/C:/Users/brysa/Documents/NetBeansProjects/Capstone_Project/src/model/Customer.java</file>
            <file>file:/C:/Users/brysa/Documents/NetBeansProjects/Capstone_Project/src/model/Appointment.java</file>
            <file>file:/C:/Users/brysa/Documents/NetBeansProjects/Capstone_Project/src/model/AdminUser.java</file>
            <file>file:/C:/Users/brysa/Documents/NetBeansProjects/Capstone_Project/src/model/Country.java</file>
            <file>file:/C:/Users/brysa/Documents/NetBeansProjects/Capstone_Project/src/DAO/CustomerDAO.java</file>
            <file>file:/C:/Users/brysa/Documents/NetBeansProjects/Capstone_Project/src/model/LoginInterface.java</file>
            <file>file:/C:/Users/brysa/Documents/NetBeansProjects/Capstone_Project/src/DAO/AppointmentDAO.java</file>
            <file>file:/C:/Users/brysa/Documents/NetBeansProjects/Capstone_Project/src/view_controller/Add_Customer_Controller.java</file>
            <file>file:/C:/Users/brysa/Documents/NetBeansProjects/Capstone_Project/src/DAO/ContactDAO.java</file>
            <file>file:/C:/Users/brysa/Documents/NetBeansProjects/Capstone_Project/src/DAO/CountryDAO.java</file>
        </group>
    </open-files>
</project-private>
